-- MySQL dump 10.13  Distrib 8.0.43, for Linux (x86_64)
--
-- Host: localhost    Database: edi_processing
-- ------------------------------------------------------
-- Server version	8.0.43-0ubuntu0.22.04.1

/*!40101 SET @OLD_CHARACTER_SET_CLIENT=@@CHARACTER_SET_CLIENT */;
/*!40101 SET @OLD_CHARACTER_SET_RESULTS=@@CHARACTER_SET_RESULTS */;
/*!40101 SET @OLD_COLLATION_CONNECTION=@@COLLATION_CONNECTION */;
/*!50503 SET NAMES utf8mb4 */;
/*!40103 SET @OLD_TIME_ZONE=@@TIME_ZONE */;
/*!40103 SET TIME_ZONE='+00:00' */;
/*!40014 SET @OLD_UNIQUE_CHECKS=@@UNIQUE_CHECKS, UNIQUE_CHECKS=0 */;
/*!40014 SET @OLD_FOREIGN_KEY_CHECKS=@@FOREIGN_KEY_CHECKS, FOREIGN_KEY_CHECKS=0 */;
/*!40101 SET @OLD_SQL_MODE=@@SQL_MODE, SQL_MODE='NO_AUTO_VALUE_ON_ZERO' */;
/*!40111 SET @OLD_SQL_NOTES=@@SQL_NOTES, SQL_NOTES=0 */;

--
-- Current Database: `edi_processing`
--

CREATE DATABASE /*!32312 IF NOT EXISTS*/ `edi_processing` /*!40100 DEFAULT CHARACTER SET utf8mb4 COLLATE utf8mb4_unicode_ci */ /*!80016 DEFAULT ENCRYPTION='N' */;

USE `edi_processing`;

--
-- Table structure for table `delivery_schedules`
--

DROP TABLE IF EXISTS `delivery_schedules`;
/*!40101 SET @saved_cs_client     = @@character_set_client */;
/*!50503 SET character_set_client = utf8mb4 */;
CREATE TABLE `delivery_schedules` (
  `id` int NOT NULL AUTO_INCREMENT,
  `partner_id` int NOT NULL,
  `po_number` varchar(20) COLLATE utf8mb4_unicode_ci NOT NULL,
  `release_number` varchar(10) COLLATE utf8mb4_unicode_ci DEFAULT NULL,
  `po_line` varchar(30) COLLATE utf8mb4_unicode_ci NOT NULL,
  `line_number` int DEFAULT '1',
  `supplier_item` varchar(50) COLLATE utf8mb4_unicode_ci NOT NULL,
  `customer_item` varchar(50) COLLATE utf8mb4_unicode_ci DEFAULT NULL,
  `item_description` varchar(200) COLLATE utf8mb4_unicode_ci DEFAULT NULL,
  `quantity_ordered` int NOT NULL,
  `quantity_received` int DEFAULT '0',
  `quantity_shipped` int DEFAULT '0',
  `promised_date` date NOT NULL,
  `need_by_date` date NOT NULL,
  `ship_to_location_id` int DEFAULT NULL,
  `location_code` varchar(10) COLLATE utf8mb4_unicode_ci DEFAULT NULL,
  `ship_to_description` varchar(100) COLLATE utf8mb4_unicode_ci DEFAULT NULL,
  `uom` varchar(10) COLLATE utf8mb4_unicode_ci DEFAULT 'EACH',
  `unit_price` decimal(10,4) DEFAULT NULL,
  `organization` varchar(50) COLLATE utf8mb4_unicode_ci DEFAULT 'NIFCO',
  `supplier` varchar(100) COLLATE utf8mb4_unicode_ci DEFAULT 'GREENFIELD PRECISION PLASTICS LLC',
  `status` enum('active','shipped','received','cancelled','closed') COLLATE utf8mb4_unicode_ci DEFAULT 'active',
  `priority` enum('low','normal','high','urgent') COLLATE utf8mb4_unicode_ci DEFAULT 'normal',
  `notes` text COLLATE utf8mb4_unicode_ci,
  `edi_transaction_id` int DEFAULT NULL,
  `erp_po_id` int DEFAULT NULL,
  `created_at` timestamp NULL DEFAULT CURRENT_TIMESTAMP,
  `updated_at` timestamp NULL DEFAULT CURRENT_TIMESTAMP ON UPDATE CURRENT_TIMESTAMP,
  PRIMARY KEY (`id`),
  KEY `partner_id` (`partner_id`),
  KEY `edi_transaction_id` (`edi_transaction_id`),
  KEY `idx_po_release` (`po_number`,`release_number`),
  KEY `idx_promised_date` (`promised_date`),
  KEY `idx_supplier_item` (`supplier_item`),
  KEY `idx_status_date` (`status`,`promised_date`),
  KEY `idx_ship_to` (`ship_to_location_id`),
  KEY `idx_erp_po` (`erp_po_id`),
  CONSTRAINT `delivery_schedules_ibfk_1` FOREIGN KEY (`partner_id`) REFERENCES `trading_partners` (`id`),
  CONSTRAINT `delivery_schedules_ibfk_2` FOREIGN KEY (`ship_to_location_id`) REFERENCES `ship_to_locations` (`id`),
  CONSTRAINT `delivery_schedules_ibfk_3` FOREIGN KEY (`edi_transaction_id`) REFERENCES `edi_transactions` (`id`)
) ENGINE=InnoDB AUTO_INCREMENT=67 DEFAULT CHARSET=utf8mb4 COLLATE=utf8mb4_unicode_ci;
/*!40101 SET character_set_client = @saved_cs_client */;

--
-- Dumping data for table `delivery_schedules`
--

LOCK TABLES `delivery_schedules` WRITE;
/*!40000 ALTER TABLE `delivery_schedules` DISABLE KEYS */;
INSERT INTO `delivery_schedules` VALUES (1,1,'1067045','236','1067045-236',1,'23466','23466','PROTECTOR, RR DOOR PANEL, RH',4480,0,0,'2025-10-06','2025-10-06',1,'SLB','SHELBYVILLE KENTUCKY','EACH',NULL,'NIFCO','GREENFIELD PRECISION PLASTICS LLC','active','normal',NULL,NULL,NULL,'2025-09-02 14:24:54','2025-09-02 18:15:46'),(2,1,'1067045','236','1067045-236',1,'28204','28204','COVER, FORWARD RECOGNITION',4620,0,0,'2025-10-06','2025-10-06',1,'SLB','SHELBYVILLE KENTUCKY','EACH',NULL,'NIFCO','GREENFIELD PRECISION PLASTICS LLC','active','normal',NULL,NULL,NULL,'2025-09-02 14:24:54','2025-09-02 18:15:46'),(3,1,'1067045','236','1067045-236',1,'27977','27977','COVER, OUTER MIRROR INSTAL HOLR, LH',1944,0,0,'2025-10-06','2025-10-06',1,'SLB','SHELBYVILLE KENTUCKY','EACH',NULL,'NIFCO','GREENFIELD PRECISION PLASTICS LLC','active','normal',NULL,NULL,NULL,'2025-09-02 14:24:54','2025-09-02 18:15:46'),(4,1,'1067045','236','1067045-236',1,'27976','27976','COVER, OUTER MIRROR INSTAL HOLR,RH',1944,0,0,'2025-10-06','2025-10-06',1,'SLB','SHELBYVILLE KENTUCKY','EACH',NULL,'NIFCO','GREENFIELD PRECISION PLASTICS LLC','active','normal',NULL,NULL,NULL,'2025-09-02 14:24:54','2025-09-02 18:15:46'),(5,1,'1067045','236','1067045-236',1,'26792','26792','COVER, BACK DOOR LOCK',1440,0,0,'2025-10-06','2025-10-06',1,'SLB','SHELBYVILLE KENTUCKY','EACH',NULL,'NIFCO','GREENFIELD PRECISION PLASTICS LLC','active','normal',NULL,NULL,NULL,'2025-09-02 14:24:54','2025-09-02 18:15:46'),(6,1,'1067045','236','1067045-236',1,'20638','20638','CUSHION, FUEL TANK ASSY',21600,0,0,'2025-10-06','2025-10-06',1,'SLB','SHELBYVILLE KENTUCKY','EACH',NULL,'NIFCO','GREENFIELD PRECISION PLASTICS LLC','active','normal',NULL,NULL,NULL,'2025-09-02 14:24:54','2025-09-02 18:15:46'),(7,1,'1067045','236','1067045-236',1,'26833','26833','SEAL, DOOR DUST PROOF',20000,0,0,'2025-10-06','2025-10-06',1,'SLB','SHELBYVILLE KENTUCKY','EACH',NULL,'NIFCO','GREENFIELD PRECISION PLASTICS LLC','active','normal',NULL,NULL,NULL,'2025-09-02 14:24:54','2025-09-02 18:15:46'),(8,1,'1067045','236','1067045-236',1,'22574','22574','HOLDER, DOOR LOCK CONTROL KNOB',2000,0,0,'2025-10-06','2025-10-06',1,'SLB','SHELBYVILLE KENTUCKY','EACH',NULL,'NIFCO','GREENFIELD PRECISION PLASTICS LLC','active','normal',NULL,NULL,NULL,'2025-09-02 14:24:54','2025-09-02 18:15:46'),(9,1,'1067045','236','1067045-236',1,'24319','24319','RETAINER, FUEL FILLER OPENING LID LOCK',2000,0,0,'2025-10-06','2025-10-06',1,'SLB','SHELBYVILLE KENTUCKY','EACH',NULL,'NIFCO','GREENFIELD PRECISION PLASTICS LLC','active','normal',NULL,NULL,NULL,'2025-09-02 14:24:54','2025-09-02 18:15:46'),(10,1,'1067045','236','1067045-236',1,'25146','25146','CLAMP, FUEL TUBE, NO.1',3200,0,0,'2025-10-06','2025-10-06',1,'SLB','SHELBYVILLE KENTUCKY','EACH',NULL,'NIFCO','GREENFIELD PRECISION PLASTICS LLC','active','normal',NULL,NULL,NULL,'2025-09-02 14:24:54','2025-09-02 18:15:46'),(11,1,'1067045','236','1067045-236',1,'23467','23467','PROTECTOR, RR DOOR PANEL, LH',4480,0,0,'2025-10-06','2025-10-06',1,'SLB','SHELBYVILLE KENTUCKY','EACH',NULL,'NIFCO','GREENFIELD PRECISION PLASTICS LLC','active','normal',NULL,NULL,NULL,'2025-09-02 14:24:54','2025-09-02 18:15:46'),(12,1,'1067045','236','1067045-236',1,'27840','27840','CLAMP, FUEL TUBE, NO.1',900,0,0,'2025-10-06','2025-10-06',1,'SLB','SHELBYVILLE KENTUCKY','EACH',NULL,'NIFCO','GREENFIELD PRECISION PLASTICS LLC','active','normal',NULL,NULL,NULL,'2025-09-02 14:24:54','2025-09-02 18:15:46'),(13,1,'1067045','235','1067045-235',1,'28204','28204','COVER, FORWARD RECOGNITION',3564,0,0,'2025-09-29','2025-09-29',1,'SLB','SHELBYVILLE KENTUCKY','EACH',NULL,'NIFCO','GREENFIELD PRECISION PLASTICS LLC','active','normal',NULL,NULL,NULL,'2025-09-02 14:24:54','2025-09-02 18:15:46'),(14,1,'1067045','235','1067045-235',1,'26833','26833','SEAL, DOOR DUST PROOF',20000,0,0,'2025-09-29','2025-09-29',1,'SLB','SHELBYVILLE KENTUCKY','EACH',NULL,'NIFCO','GREENFIELD PRECISION PLASTICS LLC','active','normal',NULL,NULL,NULL,'2025-09-02 14:24:54','2025-09-02 18:15:46'),(15,1,'1067045','235','1067045-235',1,'27976','27976','COVER, OUTER MIRROR INSTAL HOLR,RH',1944,0,0,'2025-09-29','2025-09-29',1,'SLB','SHELBYVILLE KENTUCKY','EACH',NULL,'NIFCO','GREENFIELD PRECISION PLASTICS LLC','active','normal',NULL,NULL,NULL,'2025-09-02 14:24:54','2025-09-02 18:15:46'),(16,1,'1067045','235','1067045-235',1,'22574','22574','HOLDER, DOOR LOCK CONTROL KNOB',2000,0,0,'2025-09-29','2025-09-29',1,'SLB','SHELBYVILLE KENTUCKY','EACH',NULL,'NIFCO','GREENFIELD PRECISION PLASTICS LLC','active','normal',NULL,NULL,NULL,'2025-09-02 14:24:54','2025-09-02 18:15:46'),(17,1,'1067045','235','1067045-235',1,'27840','27840','CLAMP, FUEL TUBE, NO.1',900,0,0,'2025-09-29','2025-09-29',1,'SLB','SHELBYVILLE KENTUCKY','EACH',NULL,'NIFCO','GREENFIELD PRECISION PLASTICS LLC','active','normal',NULL,NULL,NULL,'2025-09-02 14:24:54','2025-09-02 18:15:46'),(18,1,'1067045','235','1067045-235',1,'23466','23466','PROTECTOR, RR DOOR PANEL, RH',3680,0,0,'2025-09-29','2025-09-29',1,'SLB','SHELBYVILLE KENTUCKY','EACH',NULL,'NIFCO','GREENFIELD PRECISION PLASTICS LLC','active','normal',NULL,NULL,NULL,'2025-09-02 14:24:54','2025-09-02 18:15:46'),(19,1,'1067045','235','1067045-235',1,'26792','26792','COVER, BACK DOOR LOCK',1440,0,0,'2025-09-29','2025-09-29',1,'SLB','SHELBYVILLE KENTUCKY','EACH',NULL,'NIFCO','GREENFIELD PRECISION PLASTICS LLC','active','normal',NULL,NULL,NULL,'2025-09-02 14:24:54','2025-09-02 18:15:46'),(20,1,'1067045','235','1067045-235',1,'25146','25146','CLAMP, FUEL TUBE, NO.1',2400,0,0,'2025-09-29','2025-09-29',1,'SLB','SHELBYVILLE KENTUCKY','EACH',NULL,'NIFCO','GREENFIELD PRECISION PLASTICS LLC','active','normal',NULL,NULL,NULL,'2025-09-02 14:24:54','2025-09-02 18:15:46'),(21,1,'1067045','235','1067045-235',1,'27977','27977','COVER, OUTER MIRROR INSTAL HOLR, LH',1944,0,0,'2025-09-29','2025-09-29',1,'SLB','SHELBYVILLE KENTUCKY','EACH',NULL,'NIFCO','GREENFIELD PRECISION PLASTICS LLC','active','normal',NULL,NULL,NULL,'2025-09-02 14:24:54','2025-09-02 18:15:46'),(22,1,'1067045','235','1067045-235',1,'23467','23467','PROTECTOR, RR DOOR PANEL, LH',3680,0,0,'2025-09-29','2025-09-29',1,'SLB','SHELBYVILLE KENTUCKY','EACH',NULL,'NIFCO','GREENFIELD PRECISION PLASTICS LLC','active','normal',NULL,NULL,NULL,'2025-09-02 14:24:54','2025-09-02 18:15:46'),(23,1,'1067045','235','1067045-235',1,'20638','20638','CUSHION, FUEL TANK ASSY',18000,0,0,'2025-09-29','2025-09-29',1,'SLB','SHELBYVILLE KENTUCKY','EACH',NULL,'NIFCO','GREENFIELD PRECISION PLASTICS LLC','active','normal',NULL,NULL,NULL,'2025-09-02 14:24:54','2025-09-02 18:15:46'),(24,1,'1067045','235','1067045-235',1,'24319','24319','RETAINER, FUEL FILLER OPENING LID LOCK',2000,0,0,'2025-09-29','2025-09-29',1,'SLB','SHELBYVILLE KENTUCKY','EACH',NULL,'NIFCO','GREENFIELD PRECISION PLASTICS LLC','active','normal',NULL,NULL,NULL,'2025-09-02 14:24:54','2025-09-02 18:15:46'),(25,1,'1067045','233','1067045-233',1,'23466','23466','PROTECTOR, RR DOOR PANEL, RH',4000,0,0,'2025-09-22','2025-09-22',1,'SLB','SHELBYVILLE KENTUCKY','EACH',NULL,'NIFCO','GREENFIELD PRECISION PLASTICS LLC','active','normal',NULL,NULL,NULL,'2025-09-02 14:24:54','2025-09-02 18:15:46'),(26,1,'1067045','233','1067045-233',1,'23467','23467','PROTECTOR, RR DOOR PANEL, LH',4000,0,0,'2025-09-22','2025-09-22',1,'SLB','SHELBYVILLE KENTUCKY','EACH',NULL,'NIFCO','GREENFIELD PRECISION PLASTICS LLC','active','normal',NULL,NULL,NULL,'2025-09-02 14:24:54','2025-09-02 18:15:46'),(27,1,'1067045','233','1067045-233',1,'25146','25146','CLAMP, FUEL TUBE, NO.1',3200,0,0,'2025-09-22','2025-09-22',1,'SLB','SHELBYVILLE KENTUCKY','EACH',NULL,'NIFCO','GREENFIELD PRECISION PLASTICS LLC','active','normal',NULL,NULL,NULL,'2025-09-02 14:24:54','2025-09-02 18:15:46'),(28,1,'1067045','233','1067045-233',1,'24319','24319','RETAINER, FUEL FILLER OPENING LID LOCK',2000,0,0,'2025-09-22','2025-09-22',1,'SLB','SHELBYVILLE KENTUCKY','EACH',NULL,'NIFCO','GREENFIELD PRECISION PLASTICS LLC','active','normal',NULL,NULL,NULL,'2025-09-02 14:24:54','2025-09-02 18:15:46'),(29,1,'1067045','233','1067045-233',1,'22574','22574','HOLDER, DOOR LOCK CONTROL KNOB',1600,0,0,'2025-09-22','2025-09-22',1,'SLB','SHELBYVILLE KENTUCKY','EACH',NULL,'NIFCO','GREENFIELD PRECISION PLASTICS LLC','active','normal',NULL,NULL,NULL,'2025-09-02 14:24:54','2025-09-02 18:15:46'),(30,1,'1067045','233','1067045-233',1,'26833','26833','SEAL, DOOR DUST PROOF',21000,0,0,'2025-09-22','2025-09-22',1,'SLB','SHELBYVILLE KENTUCKY','EACH',NULL,'NIFCO','GREENFIELD PRECISION PLASTICS LLC','active','normal',NULL,NULL,NULL,'2025-09-02 14:24:54','2025-09-02 18:15:46'),(31,1,'1067045','233','1067045-233',1,'20638','20638','CUSHION, FUEL TANK ASSY',21600,0,0,'2025-09-22','2025-09-22',1,'SLB','SHELBYVILLE KENTUCKY','EACH',NULL,'NIFCO','GREENFIELD PRECISION PLASTICS LLC','active','normal',NULL,NULL,NULL,'2025-09-02 14:24:54','2025-09-02 18:15:46'),(32,1,'1067045','233','1067045-233',1,'26792','26792','COVER, BACK DOOR LOCK',1440,0,0,'2025-09-22','2025-09-22',1,'SLB','SHELBYVILLE KENTUCKY','EACH',NULL,'NIFCO','GREENFIELD PRECISION PLASTICS LLC','active','normal',NULL,NULL,NULL,'2025-09-02 14:24:54','2025-09-02 18:15:46'),(33,1,'1067045','233','1067045-233',1,'27976','27976','COVER, OUTER MIRROR INSTAL HOLR,RH',2592,0,0,'2025-09-22','2025-09-22',1,'SLB','SHELBYVILLE KENTUCKY','EACH',NULL,'NIFCO','GREENFIELD PRECISION PLASTICS LLC','active','normal',NULL,NULL,NULL,'2025-09-02 14:24:54','2025-09-02 18:15:46'),(34,1,'1067045','233','1067045-233',1,'27977','27977','COVER, OUTER MIRROR INSTAL HOLR, LH',2592,0,0,'2025-09-22','2025-09-22',1,'SLB','SHELBYVILLE KENTUCKY','EACH',NULL,'NIFCO','GREENFIELD PRECISION PLASTICS LLC','active','normal',NULL,NULL,NULL,'2025-09-02 14:24:54','2025-09-02 18:15:46'),(35,1,'1067045','233','1067045-233',1,'28204','28204','COVER, FORWARD RECOGNITION',3762,0,0,'2025-09-22','2025-09-22',1,'SLB','SHELBYVILLE KENTUCKY','EACH',NULL,'NIFCO','GREENFIELD PRECISION PLASTICS LLC','active','normal',NULL,NULL,NULL,'2025-09-02 14:24:54','2025-09-02 18:15:46'),(36,1,'1067045','233','1067045-233',1,'27840','27840','CLAMP, FUEL TUBE, NO.1',900,0,0,'2025-09-22','2025-09-22',1,'SLB','SHELBYVILLE KENTUCKY','EACH',NULL,'NIFCO','GREENFIELD PRECISION PLASTICS LLC','active','normal',NULL,NULL,NULL,'2025-09-02 14:24:54','2025-09-02 18:15:46'),(37,1,'1067045','231','1067045-231',1,'22574','22574','HOLDER, DOOR LOCK CONTROL KNOB',2000,0,0,'2025-09-15','2025-09-15',1,'SLB','SHELBYVILLE KENTUCKY','EACH',NULL,'NIFCO','GREENFIELD PRECISION PLASTICS LLC','active','normal',NULL,NULL,NULL,'2025-09-02 14:24:54','2025-09-02 18:15:46'),(38,1,'1067045','231','1067045-231',1,'26792','26792','COVER, BACK DOOR LOCK',960,0,0,'2025-09-15','2025-09-15',1,'SLB','SHELBYVILLE KENTUCKY','EACH',NULL,'NIFCO','GREENFIELD PRECISION PLASTICS LLC','active','normal',NULL,NULL,NULL,'2025-09-02 14:24:54','2025-09-02 18:15:46'),(39,1,'1067045','231','1067045-231',1,'20638','20638','CUSHION, FUEL TANK ASSY',18000,0,0,'2025-09-15','2025-09-15',1,'SLB','SHELBYVILLE KENTUCKY','EACH',NULL,'NIFCO','GREENFIELD PRECISION PLASTICS LLC','active','normal',NULL,NULL,NULL,'2025-09-02 14:24:54','2025-09-02 18:15:46'),(40,1,'1067045','231','1067045-231',1,'25146','25146','CLAMP, FUEL TUBE, NO.1',2400,0,0,'2025-09-15','2025-09-15',1,'SLB','SHELBYVILLE KENTUCKY','EACH',NULL,'NIFCO','GREENFIELD PRECISION PLASTICS LLC','active','normal',NULL,NULL,NULL,'2025-09-02 14:24:54','2025-09-02 18:15:46'),(41,1,'1067045','231','1067045-231',1,'27840','27840','CLAMP, FUEL TUBE, NO.1',900,0,0,'2025-09-15','2025-09-15',1,'SLB','SHELBYVILLE KENTUCKY','EACH',NULL,'NIFCO','GREENFIELD PRECISION PLASTICS LLC','active','normal',NULL,NULL,NULL,'2025-09-02 14:24:54','2025-09-02 18:15:46'),(42,1,'1067045','231','1067045-231',1,'26833','26833','SEAL, DOOR DUST PROOF',26000,0,0,'2025-09-15','2025-09-15',1,'SLB','SHELBYVILLE KENTUCKY','EACH',NULL,'NIFCO','GREENFIELD PRECISION PLASTICS LLC','active','normal',NULL,NULL,NULL,'2025-09-02 14:24:54','2025-09-02 18:15:46'),(43,1,'1067045','231','1067045-231',1,'23466','23466','PROTECTOR, RR DOOR PANEL, RH',4480,0,0,'2025-09-15','2025-09-15',1,'SLB','SHELBYVILLE KENTUCKY','EACH',NULL,'NIFCO','GREENFIELD PRECISION PLASTICS LLC','active','normal',NULL,NULL,NULL,'2025-09-02 14:24:54','2025-09-02 18:15:46'),(44,1,'1067045','231','1067045-231',1,'28204','28204','COVER, FORWARD RECOGNITION',3828,0,0,'2025-09-15','2025-09-15',1,'SLB','SHELBYVILLE KENTUCKY','EACH',NULL,'NIFCO','GREENFIELD PRECISION PLASTICS LLC','active','normal',NULL,NULL,NULL,'2025-09-02 14:24:54','2025-09-02 18:15:46'),(45,1,'1067045','231','1067045-231',1,'24319','24319','RETAINER, FUEL FILLER OPENING LID LOCK',2000,0,0,'2025-09-15','2025-09-15',1,'SLB','SHELBYVILLE KENTUCKY','EACH',NULL,'NIFCO','GREENFIELD PRECISION PLASTICS LLC','active','normal',NULL,NULL,NULL,'2025-09-02 14:24:54','2025-09-02 18:15:46'),(46,1,'1067045','231','1067045-231',1,'27977','27977','COVER, OUTER MIRROR INSTAL HOLR, LH',1296,0,0,'2025-09-15','2025-09-15',1,'SLB','SHELBYVILLE KENTUCKY','EACH',NULL,'NIFCO','GREENFIELD PRECISION PLASTICS LLC','active','normal',NULL,NULL,NULL,'2025-09-02 14:24:54','2025-09-02 18:15:46'),(47,1,'1067045','231','1067045-231',1,'23467','23467','PROTECTOR, RR DOOR PANEL, LH',4480,0,0,'2025-09-15','2025-09-15',1,'SLB','SHELBYVILLE KENTUCKY','EACH',NULL,'NIFCO','GREENFIELD PRECISION PLASTICS LLC','active','normal',NULL,NULL,NULL,'2025-09-02 14:24:54','2025-09-02 18:15:46'),(48,1,'1067045','231','1067045-231',1,'27976','27976','COVER, OUTER MIRROR INSTAL HOLR,RH',1296,0,0,'2025-09-15','2025-09-15',1,'SLB','SHELBYVILLE KENTUCKY','EACH',NULL,'NIFCO','GREENFIELD PRECISION PLASTICS LLC','active','normal',NULL,NULL,NULL,'2025-09-02 14:24:54','2025-09-02 18:15:46'),(49,1,'1067055','132','1067055-132',1,'28248','28248','COVER, RR CNR RADAR L',120,0,0,'2025-09-12','2025-09-12',6,'CWH','CWH','EACH',NULL,'NIFCO','GREENFIELD PRECISION PLASTICS LLC','active','normal',NULL,NULL,NULL,'2025-09-02 14:24:54','2025-09-02 18:15:46'),(50,1,'1067055','132','1067055-132',1,'27394','27394','PANEL INST DR',480,0,0,'2025-09-12','2025-09-12',6,'CWH','CWH','EACH',NULL,'NIFCO','GREENFIELD PRECISION PLASTICS LLC','active','normal',NULL,NULL,NULL,'2025-09-02 14:24:54','2025-09-02 18:15:46'),(51,1,'1067055','132','1067055-132',1,'27505','27505','COVER, RR CNR RADAR L',960,0,0,'2025-09-12','2025-09-12',6,'CWH','CWH','EACH',NULL,'NIFCO','GREENFIELD PRECISION PLASTICS LLC','active','normal',NULL,NULL,NULL,'2025-09-02 14:24:54','2025-09-02 18:15:46'),(52,1,'1067055','132','1067055-132',1,'28247','28247','COVER, RR CNR RADAR R',120,0,0,'2025-09-12','2025-09-12',6,'CWH','CWH','EACH',NULL,'NIFCO','GREENFIELD PRECISION PLASTICS LLC','active','normal',NULL,NULL,NULL,'2025-09-02 14:24:54','2025-09-02 18:15:46'),(53,1,'1067045','228','1067045-228',1,'27840','27840','CLAMP, FUEL TUBE, NO.1',900,0,0,'2025-09-08','2025-09-08',1,'SLB','SHELBYVILLE KENTUCKY','EACH',NULL,'NIFCO','GREENFIELD PRECISION PLASTICS LLC','active','normal',NULL,NULL,NULL,'2025-09-02 14:24:54','2025-09-02 18:15:46'),(54,1,'1067045','228','1067045-228',1,'28204','28204','COVER, FORWARD RECOGNITION',3696,0,0,'2025-09-08','2025-09-08',1,'SLB','SHELBYVILLE KENTUCKY','EACH',NULL,'NIFCO','GREENFIELD PRECISION PLASTICS LLC','active','normal',NULL,NULL,NULL,'2025-09-02 14:24:54','2025-09-02 18:15:46'),(55,1,'1067045','228','1067045-228',1,'27977','27977','COVER, OUTER MIRROR INSTAL HOLR, LH',2592,0,0,'2025-09-08','2025-09-08',1,'SLB','SHELBYVILLE KENTUCKY','EACH',NULL,'NIFCO','GREENFIELD PRECISION PLASTICS LLC','active','normal',NULL,NULL,NULL,'2025-09-02 14:24:54','2025-09-02 18:15:46'),(56,1,'1067045','228','1067045-228',1,'27976','27976','COVER, OUTER MIRROR INSTAL HOLR,RH',2592,0,0,'2025-09-08','2025-09-08',1,'SLB','SHELBYVILLE KENTUCKY','EACH',NULL,'NIFCO','GREENFIELD PRECISION PLASTICS LLC','active','normal',NULL,NULL,NULL,'2025-09-02 14:24:54','2025-09-02 18:15:46'),(57,1,'1067045','228','1067045-228',1,'26792','26792','COVER, BACK DOOR LOCK',1600,0,0,'2025-09-08','2025-09-08',1,'SLB','SHELBYVILLE KENTUCKY','EACH',NULL,'NIFCO','GREENFIELD PRECISION PLASTICS LLC','active','normal',NULL,NULL,NULL,'2025-09-02 14:24:54','2025-09-02 18:15:46'),(58,1,'1067045','228','1067045-228',1,'20638','20638','CUSHION, FUEL TANK ASSY',18000,0,0,'2025-09-08','2025-09-08',1,'SLB','SHELBYVILLE KENTUCKY','EACH',NULL,'NIFCO','GREENFIELD PRECISION PLASTICS LLC','active','normal',NULL,NULL,NULL,'2025-09-02 14:24:54','2025-09-02 18:15:46'),(59,1,'1067045','228','1067045-228',1,'26833','26833','SEAL, DOOR DUST PROOF',20000,0,0,'2025-09-08','2025-09-08',1,'SLB','SHELBYVILLE KENTUCKY','EACH',NULL,'NIFCO','GREENFIELD PRECISION PLASTICS LLC','active','normal',NULL,NULL,NULL,'2025-09-02 14:24:54','2025-09-02 18:15:46'),(60,1,'1067045','228','1067045-228',1,'22574','22574','HOLDER, DOOR LOCK CONTROL KNOB',1600,0,0,'2025-09-08','2025-09-08',1,'SLB','SHELBYVILLE KENTUCKY','EACH',NULL,'NIFCO','GREENFIELD PRECISION PLASTICS LLC','active','normal',NULL,NULL,NULL,'2025-09-02 14:24:54','2025-09-02 18:15:46'),(61,1,'1067045','228','1067045-228',1,'24319','24319','RETAINER, FUEL FILLER OPENING LID LOCK',4000,0,0,'2025-09-08','2025-09-08',1,'SLB','SHELBYVILLE KENTUCKY','EACH',NULL,'NIFCO','GREENFIELD PRECISION PLASTICS LLC','active','normal',NULL,NULL,NULL,'2025-09-02 14:24:54','2025-09-02 18:15:46'),(62,1,'1067045','228','1067045-228',1,'25146','25146','CLAMP, FUEL TUBE, NO.1',2400,0,0,'2025-09-08','2025-09-08',1,'SLB','SHELBYVILLE KENTUCKY','EACH',NULL,'NIFCO','GREENFIELD PRECISION PLASTICS LLC','active','normal',NULL,NULL,NULL,'2025-09-02 14:24:54','2025-09-02 18:15:46'),(63,1,'1067045','228','1067045-228',1,'23467','23467','PROTECTOR, RR DOOR PANEL, LH',3200,0,0,'2025-09-08','2025-09-08',1,'SLB','SHELBYVILLE KENTUCKY','EACH',NULL,'NIFCO','GREENFIELD PRECISION PLASTICS LLC','active','normal',NULL,NULL,NULL,'2025-09-02 14:24:54','2025-09-02 18:15:46'),(64,1,'1067045','228','1067045-228',1,'23466','23466','PROTECTOR, RR DOOR PANEL, RH',3200,0,0,'2025-09-08','2025-09-08',1,'SLB','SHELBYVILLE KENTUCKY','EACH',NULL,'NIFCO','GREENFIELD PRECISION PLASTICS LLC','active','normal',NULL,NULL,NULL,'2025-09-02 14:24:54','2025-09-02 18:15:46'),(65,1,'1067055','132','1067055-132',1,'28248','28248','COVER, RR CNR RADAR L',120,0,0,'2025-09-05','2025-09-05',6,'CWH','CWH','EACH',NULL,'NIFCO','GREENFIELD PRECISION PLASTICS LLC','active','normal',NULL,NULL,NULL,'2025-09-02 14:24:54','2025-09-02 18:15:46'),(66,1,'1067055','132','1067055-132',1,'28247','28247','COVER, RR CNR RADAR R',120,0,0,'2025-09-05','2025-09-05',6,'CWH','CWH','EACH',NULL,'NIFCO','GREENFIELD PRECISION PLASTICS LLC','active','normal',NULL,NULL,NULL,'2025-09-02 14:24:54','2025-09-02 18:15:46');
/*!40000 ALTER TABLE `delivery_schedules` ENABLE KEYS */;
UNLOCK TABLES;

--
-- Table structure for table `edi_transactions`
--

DROP TABLE IF EXISTS `edi_transactions`;
/*!40101 SET @saved_cs_client     = @@character_set_client */;
/*!50503 SET character_set_client = utf8mb4 */;
CREATE TABLE `edi_transactions` (
  `id` int NOT NULL AUTO_INCREMENT,
  `partner_id` int NOT NULL,
  `transaction_type` varchar(3) COLLATE utf8mb4_unicode_ci NOT NULL,
  `direction` enum('inbound','outbound') COLLATE utf8mb4_unicode_ci NOT NULL,
  `control_number` varchar(20) COLLATE utf8mb4_unicode_ci DEFAULT NULL,
  `filename` varchar(255) COLLATE utf8mb4_unicode_ci DEFAULT NULL,
  `file_size` int DEFAULT NULL,
  `raw_content` longtext COLLATE utf8mb4_unicode_ci,
  `parsed_content` json DEFAULT NULL,
  `status` enum('received','processing','processed','error','archived') COLLATE utf8mb4_unicode_ci DEFAULT 'received',
  `error_message` text COLLATE utf8mb4_unicode_ci,
  `processing_notes` text COLLATE utf8mb4_unicode_ci,
  `created_at` timestamp NULL DEFAULT CURRENT_TIMESTAMP,
  `processed_at` timestamp NULL DEFAULT NULL,
  PRIMARY KEY (`id`),
  KEY `idx_partner_type` (`partner_id`,`transaction_type`),
  KEY `idx_control_number` (`control_number`),
  KEY `idx_status_date` (`status`,`created_at`),
  KEY `idx_filename` (`filename`),
  CONSTRAINT `edi_transactions_ibfk_1` FOREIGN KEY (`partner_id`) REFERENCES `trading_partners` (`id`)
) ENGINE=InnoDB DEFAULT CHARSET=utf8mb4 COLLATE=utf8mb4_unicode_ci;
/*!40101 SET character_set_client = @saved_cs_client */;

--
-- Dumping data for table `edi_transactions`
--

LOCK TABLES `edi_transactions` WRITE;
/*!40000 ALTER TABLE `edi_transactions` DISABLE KEYS */;
/*!40000 ALTER TABLE `edi_transactions` ENABLE KEYS */;
UNLOCK TABLES;

--
-- Table structure for table `part_master`
--

DROP TABLE IF EXISTS `part_master`;
/*!40101 SET @saved_cs_client     = @@character_set_client */;
/*!50503 SET character_set_client = utf8mb4 */;
CREATE TABLE `part_master` (
  `id` int NOT NULL AUTO_INCREMENT,
  `part_number` varchar(50) COLLATE utf8mb4_unicode_ci NOT NULL,
  `customer_part_number` varchar(50) COLLATE utf8mb4_unicode_ci DEFAULT NULL,
  `description` varchar(200) COLLATE utf8mb4_unicode_ci DEFAULT NULL,
  `qpc` int NOT NULL DEFAULT '1',
  `uom` varchar(10) COLLATE utf8mb4_unicode_ci DEFAULT 'EACH',
  `weight` decimal(10,4) DEFAULT NULL,
  `dimensions` varchar(100) COLLATE utf8mb4_unicode_ci DEFAULT NULL,
  `material` varchar(100) COLLATE utf8mb4_unicode_ci DEFAULT NULL,
  `color` varchar(50) COLLATE utf8mb4_unicode_ci DEFAULT NULL,
  `product_family` varchar(100) COLLATE utf8mb4_unicode_ci DEFAULT NULL,
  `active` tinyint(1) DEFAULT '1',
  `auto_detected` tinyint(1) DEFAULT '0',
  `first_detected_date` datetime DEFAULT NULL,
  `notes` text COLLATE utf8mb4_unicode_ci,
  `created_at` timestamp NULL DEFAULT CURRENT_TIMESTAMP,
  `updated_at` timestamp NULL DEFAULT CURRENT_TIMESTAMP ON UPDATE CURRENT_TIMESTAMP,
  PRIMARY KEY (`id`),
  UNIQUE KEY `part_number` (`part_number`),
  KEY `idx_part_number` (`part_number`),
  KEY `idx_active` (`active`)
) ENGINE=InnoDB AUTO_INCREMENT=32 DEFAULT CHARSET=utf8mb4 COLLATE=utf8mb4_unicode_ci;
/*!40101 SET character_set_client = @saved_cs_client */;

--
-- Dumping data for table `part_master`
--

LOCK TABLES `part_master` WRITE;
/*!40000 ALTER TABLE `part_master` DISABLE KEYS */;
INSERT INTO `part_master` VALUES (1,'20638',NULL,'CUSHION, FUEL TANK ASSY',50,'EACH',NULL,NULL,NULL,NULL,NULL,1,1,'2025-09-02 10:24:54',NULL,'2025-09-02 18:08:39','2025-09-02 19:03:00'),(2,'22574',NULL,'HOLDER, DOOR LOCK CONTROL KNOB',1,'EACH',NULL,NULL,NULL,NULL,NULL,1,1,'2025-09-02 10:24:54',NULL,'2025-09-02 18:08:39','2025-09-02 18:08:39'),(3,'23466',NULL,'PROTECTOR, RR DOOR PANEL, RH',1,'EACH',NULL,NULL,NULL,NULL,NULL,1,1,'2025-09-02 10:24:54',NULL,'2025-09-02 18:08:39','2025-09-02 18:08:39'),(4,'23467',NULL,'PROTECTOR, RR DOOR PANEL, LH',1,'EACH',NULL,NULL,NULL,NULL,NULL,1,1,'2025-09-02 10:24:54',NULL,'2025-09-02 18:08:39','2025-09-02 18:08:39'),(5,'24319',NULL,'RETAINER, FUEL FILLER OPENING LID LOCK',1,'EACH',NULL,NULL,NULL,NULL,NULL,1,1,'2025-09-02 10:24:54',NULL,'2025-09-02 18:08:39','2025-09-02 18:08:39'),(6,'25146',NULL,'CLAMP, FUEL TUBE, NO.1',1,'EACH',NULL,NULL,NULL,NULL,NULL,1,1,'2025-09-02 10:24:54',NULL,'2025-09-02 18:08:39','2025-09-02 18:08:39'),(7,'26792',NULL,'COVER, BACK DOOR LOCK',1,'EACH',NULL,NULL,NULL,NULL,NULL,1,1,'2025-09-02 10:24:54',NULL,'2025-09-02 18:08:39','2025-09-02 18:08:39'),(8,'26833',NULL,'SEAL, DOOR DUST PROOF',1,'EACH',NULL,NULL,NULL,NULL,NULL,1,1,'2025-09-02 10:24:54',NULL,'2025-09-02 18:08:39','2025-09-02 18:08:39'),(9,'27394',NULL,'PANEL INST DR',1,'EACH',NULL,NULL,NULL,NULL,NULL,1,1,'2025-09-02 10:24:54',NULL,'2025-09-02 18:08:39','2025-09-02 18:08:39'),(10,'27505',NULL,'COVER, RR CNR RADAR L',30,'EACH',NULL,NULL,NULL,NULL,NULL,1,1,'2025-09-02 10:24:54',NULL,'2025-09-02 18:08:39','2025-09-02 19:08:46'),(11,'27840',NULL,'CLAMP, FUEL TUBE, NO.1',1,'EACH',NULL,NULL,NULL,NULL,NULL,1,1,'2025-09-02 10:24:54',NULL,'2025-09-02 18:08:39','2025-09-02 18:08:39'),(12,'27976',NULL,'COVER, OUTER MIRROR INSTAL HOLR,RH',1,'EACH',NULL,NULL,NULL,NULL,NULL,1,1,'2025-09-02 10:24:54',NULL,'2025-09-02 18:08:39','2025-09-02 18:08:39'),(13,'27977',NULL,'COVER, OUTER MIRROR INSTAL HOLR, LH',1,'EACH',NULL,NULL,NULL,NULL,NULL,1,1,'2025-09-02 10:24:54',NULL,'2025-09-02 18:08:39','2025-09-02 18:08:39'),(14,'28204',NULL,'COVER, FORWARD RECOGNITION',1,'EACH',NULL,NULL,NULL,NULL,NULL,1,1,'2025-09-02 10:24:54',NULL,'2025-09-02 18:08:39','2025-09-02 18:08:39'),(15,'28247',NULL,'COVER, RR CNR RADAR R',30,'EACH',NULL,NULL,NULL,NULL,NULL,1,1,'2025-09-02 10:24:54',NULL,'2025-09-02 18:08:39','2025-09-02 19:08:14'),(16,'28248',NULL,'COVER, RR CNR RADAR L',30,'EACH',NULL,NULL,NULL,NULL,NULL,1,1,'2025-09-02 10:24:54',NULL,'2025-09-02 18:08:39','2025-09-02 19:08:21');
/*!40000 ALTER TABLE `part_master` ENABLE KEYS */;
UNLOCK TABLES;

--
-- Table structure for table `ship_to_locations`
--

DROP TABLE IF EXISTS `ship_to_locations`;
/*!40101 SET @saved_cs_client     = @@character_set_client */;
/*!50503 SET character_set_client = utf8mb4 */;
CREATE TABLE `ship_to_locations` (
  `id` int NOT NULL AUTO_INCREMENT,
  `partner_id` int NOT NULL,
  `location_description` varchar(100) COLLATE utf8mb4_unicode_ci NOT NULL,
  `location_code` varchar(10) COLLATE utf8mb4_unicode_ci NOT NULL,
  `address` varchar(200) COLLATE utf8mb4_unicode_ci DEFAULT NULL,
  `city` varchar(100) COLLATE utf8mb4_unicode_ci DEFAULT NULL,
  `state` varchar(50) COLLATE utf8mb4_unicode_ci DEFAULT NULL,
  `postal_code` varchar(20) COLLATE utf8mb4_unicode_ci DEFAULT NULL,
  `country` varchar(50) COLLATE utf8mb4_unicode_ci DEFAULT 'US',
  `active` tinyint(1) DEFAULT '1',
  `created_at` timestamp NULL DEFAULT CURRENT_TIMESTAMP,
  PRIMARY KEY (`id`),
  KEY `idx_location_code` (`location_code`),
  KEY `idx_partner_location` (`partner_id`,`location_code`),
  CONSTRAINT `ship_to_locations_ibfk_1` FOREIGN KEY (`partner_id`) REFERENCES `trading_partners` (`id`)
) ENGINE=InnoDB AUTO_INCREMENT=7 DEFAULT CHARSET=utf8mb4 COLLATE=utf8mb4_unicode_ci;
/*!40101 SET character_set_client = @saved_cs_client */;

--
-- Dumping data for table `ship_to_locations`
--

LOCK TABLES `ship_to_locations` WRITE;
/*!40000 ALTER TABLE `ship_to_locations` DISABLE KEYS */;
INSERT INTO `ship_to_locations` VALUES (1,1,'SHELBYVILLE KENTUCKY','SLB','Shelbyville Manufacturing Plant','Shelbyville','KY',NULL,'US',1,'2025-09-02 14:24:37'),(2,1,'Canal Pointe Warehouse','CWH','Canal Pointe Warehouse','Newark','OH',NULL,'US',1,'2025-09-02 14:24:37'),(3,1,'Canal Pointe Manufacturing','CNL','Canal Pointe Manufacturing','Newark','OH',NULL,'US',1,'2025-09-02 14:24:37'),(4,1,'Lavern Manufacturing','LVG','Lavern Manufacturing Plant','LaVergne','TN',NULL,'US',1,'2025-09-02 14:24:37'),(5,1,'Groveport Warehouse','GWH','Groveport Warehouse','Groveport','OH',NULL,'US',1,'2025-09-02 14:24:37'),(6,1,'CWH','CWH','Canal Pointe Warehouse','Newark','OH',NULL,'US',1,'2025-09-02 14:29:06');
/*!40000 ALTER TABLE `ship_to_locations` ENABLE KEYS */;
UNLOCK TABLES;

--
-- Table structure for table `trading_partners`
--

DROP TABLE IF EXISTS `trading_partners`;
/*!40101 SET @saved_cs_client     = @@character_set_client */;
/*!50503 SET character_set_client = utf8mb4 */;
CREATE TABLE `trading_partners` (
  `id` int NOT NULL AUTO_INCREMENT,
  `partner_code` varchar(20) COLLATE utf8mb4_unicode_ci NOT NULL,
  `name` varchar(100) COLLATE utf8mb4_unicode_ci NOT NULL,
  `edi_id` varchar(15) COLLATE utf8mb4_unicode_ci NOT NULL,
  `connection_type` enum('AS2','SFTP','FTP','VAN','API') COLLATE utf8mb4_unicode_ci DEFAULT 'SFTP',
  `status` enum('active','inactive','testing') COLLATE utf8mb4_unicode_ci DEFAULT 'testing',
  `contact_email` varchar(255) COLLATE utf8mb4_unicode_ci DEFAULT NULL,
  `created_at` timestamp NULL DEFAULT CURRENT_TIMESTAMP,
  `updated_at` timestamp NULL DEFAULT CURRENT_TIMESTAMP ON UPDATE CURRENT_TIMESTAMP,
  PRIMARY KEY (`id`),
  UNIQUE KEY `partner_code` (`partner_code`),
  KEY `idx_partner_code` (`partner_code`),
  KEY `idx_edi_id` (`edi_id`)
) ENGINE=InnoDB AUTO_INCREMENT=2 DEFAULT CHARSET=utf8mb4 COLLATE=utf8mb4_unicode_ci;
/*!40101 SET character_set_client = @saved_cs_client */;

--
-- Dumping data for table `trading_partners`
--

LOCK TABLES `trading_partners` WRITE;
/*!40000 ALTER TABLE `trading_partners` DISABLE KEYS */;
INSERT INTO `trading_partners` VALUES (1,'NIFCO','Nifco Inc.','6148363808','SFTP','active','fieldsc@us.nifco.com','2025-09-02 14:24:37','2025-09-02 14:24:37');
/*!40000 ALTER TABLE `trading_partners` ENABLE KEYS */;
UNLOCK TABLES;

--
-- Dumping routines for database 'edi_processing'
--
/*!40103 SET TIME_ZONE=@OLD_TIME_ZONE */;

/*!40101 SET SQL_MODE=@OLD_SQL_MODE */;
/*!40014 SET FOREIGN_KEY_CHECKS=@OLD_FOREIGN_KEY_CHECKS */;
/*!40014 SET UNIQUE_CHECKS=@OLD_UNIQUE_CHECKS */;
/*!40101 SET CHARACTER_SET_CLIENT=@OLD_CHARACTER_SET_CLIENT */;
/*!40101 SET CHARACTER_SET_RESULTS=@OLD_CHARACTER_SET_RESULTS */;
/*!40101 SET COLLATION_CONNECTION=@OLD_COLLATION_CONNECTION */;
/*!40111 SET SQL_NOTES=@OLD_SQL_NOTES */;

-- Dump completed on 2025-09-02 15:27:00
